id,account_length,international_plan,churn
1,128,no,0
2,107,no,0
3,137,no,0
4,84,yes,0
5,75,yes,0
6,118,yes,0
7,121,no,0
8,147,yes,0
9,117,no,0
10,141,yes,0
11,65,no,1
12,74,no,0
13,168,no,0
14,95,no,0
15,62,no,0
16,161,no,1
17,85,no,0
18,93,no,0
19,76,no,0
20,73,no,0
21,147,no,0
22,77,no,1
23,130,no,0
24,111,no,0
25,132,no,0
26,174,no,0
27,57,no,0
28,54,no,0
29,20,no,0
30,49,no,0
31,142,no,0
32,75,no,0
33,172,no,0
34,12,no,1
35,57,no,0
36,72,no,0
37,36,no,0
38,78,no,0
39,136,yes,0
40,149,no,0
41,98,no,0
42,135,yes,1
43,34,no,0
44,160,no,0
45,64,no,0
46,59,no,0
47,65,no,0
48,142,no,0
49,119,no,1
50,97,no,0
51,52,no,0
52,60,no,0
53,10,no,0
54,96,no,0
55,87,no,1
56,81,no,0
57,141,no,0
58,121,no,1
59,68,no,0
60,125,no,0
61,174,no,0
62,116,no,0
63,74,no,0
64,149,no,0
65,38,no,0
66,40,no,0
67,43,yes,0
68,113,yes,0
69,126,no,0
70,150,no,1
71,138,no,0
72,162,no,0
73,147,no,0
74,90,no,0
75,85,no,0
76,50,no,0
77,82,no,1
78,144,no,1
79,46,no,0
80,70,no,0
81,144,no,0
82,116,yes,0
83,55,no,0
84,70,no,0
85,106,no,1
86,128,no,0
87,94,no,1
88,111,no,0
89,74,no,0
90,128,no,1
91,82,no,0
92,155,no,1
93,80,no,0
94,78,no,0
95,90,no,0
96,104,no,0
97,73,no,0
98,99,no,0
99,120,no,1
100,77,no,1
101,98,no,0
102,108,no,0
103,135,no,0
104,95,no,0
105,122,no,0
106,95,no,0
107,36,no,0
108,93,no,0
109,141,no,0
110,157,no,0
111,120,no,0
112,103,no,0
113,98,no,0
114,125,no,0
115,63,no,0
116,36,yes,1
117,64,no,0
118,74,no,1
119,112,no,0
120,97,no,0
121,46,no,0
122,41,no,0
123,121,no,0
124,193,no,0
125,130,no,0
126,85,no,0
127,162,no,1
128,61,no,1
129,92,no,0
130,131,no,0
131,90,no,0
132,75,no,0
133,78,no,0
134,82,no,0
135,163,no,0
136,91,yes,0
137,75,no,0
138,91,no,0
139,127,no,0
140,113,no,0
141,110,no,0
142,120,no,0
143,157,no,0
144,103,no,0
145,117,yes,1
146,140,no,0
147,127,no,0
148,83,yes,0
149,121,no,0
150,145,no,0
151,113,no,0
152,117,no,0
153,65,no,0
154,56,no,0
155,96,no,0
156,151,no,0
157,83,no,1
158,139,no,0
159,6,no,0
160,115,no,0
161,87,no,0
162,141,no,0
163,141,no,0
164,62,no,0
165,146,no,0
166,92,no,0
167,185,no,0
168,148,no,0
169,94,no,0
170,32,no,0
171,68,no,0
172,64,no,0
173,25,no,0
174,65,no,0
175,179,no,0
176,94,no,0
177,62,no,0
178,127,no,0
179,116,no,0
180,70,no,0
181,94,yes,0
182,126,no,1
183,67,no,0
184,19,no,0
185,170,yes,0
186,73,no,0
187,106,no,0
188,93,no,0
189,164,no,0
190,51,no,0
191,107,no,0
192,130,no,0
193,80,no,0
194,94,no,0
195,118,no,0
196,117,no,0
197,78,no,0
198,208,no,1
199,131,yes,1
200,63,no,0
201,53,no,0
202,62,no,0
203,97,no,0
204,105,no,0
205,157,no,0
206,66,no,0
207,122,no,0
208,38,no,0
209,106,no,0
210,99,no,0
211,99,no,0
212,144,yes,0
213,82,no,0
214,86,no,0
215,70,yes,1
216,93,no,0
217,93,no,0
218,120,no,0
219,136,no,1
220,106,no,0
221,81,no,0
222,127,no,0
223,65,no,0
224,35,no,0
225,88,no,0
226,65,no,0
227,123,no,0
228,126,no,0
229,104,no,0
230,45,no,0
231,93,yes,1
232,63,yes,0
233,100,no,0
234,53,no,0
235,92,yes,0
236,139,no,1
237,110,no,0
238,110,no,0
239,215,no,0
240,73,no,0
241,138,no,0
242,137,yes,1
243,36,no,0
244,85,no,0
245,108,no,1
246,22,no,0
247,107,no,0
248,51,no,0
249,94,no,0
250,119,no,0
251,33,no,1
252,106,no,0
253,82,no,0
254,86,no,0
255,97,yes,0
256,106,no,0
257,108,no,0
258,114,no,0
259,92,yes,1
260,59,no,0
261,24,no,0
262,151,no,0
263,117,no,0
264,78,no,0
265,155,no,0
266,114,no,0
267,114,no,0
268,119,no,0
269,64,no,0
270,118,yes,0
271,101,no,0
272,117,no,0
273,49,no,0
274,139,no,0
275,92,no,0
276,83,no,0
277,148,yes,0
278,144,no,1
279,131,no,0
280,146,yes,0
281,143,no,0
282,81,no,0
283,48,no,0
284,86,no,0
285,71,no,0
286,145,no,0
287,137,no,0
288,137,no,0
289,167,no,0
290,89,no,1
291,199,no,0
292,132,no,0
293,94,no,0
294,96,no,1
295,96,no,0
296,166,no,0
297,74,no,0
298,36,no,0
299,113,no,0
300,94,no,0
301,67,no,0
302,127,no,1
303,121,no,1
304,158,no,0
305,136,no,0
306,196,no,0
307,113,no,1
308,122,no,1
309,112,no,0
310,209,no,0
311,62,no,1
312,110,no,0
313,16,no,0
314,73,no,0
315,128,no,0
316,39,no,0
317,103,no,0
318,119,no,0
319,173,no,0
320,128,yes,1
321,86,no,0
322,114,no,0
323,104,no,0
324,148,no,0
325,129,no,0
326,100,no,0
327,121,no,0
328,143,no,0
329,76,no,0
330,158,no,0
331,116,no,0
332,54,no,1
333,86,no,1
334,108,no,0
335,66,no,0
336,151,no,0
337,99,no,0
338,55,no,0
339,77,no,0
340,78,no,0
341,89,no,1
342,101,no,0
343,44,no,0
344,98,no,0
345,64,no,0
346,141,no,0
347,81,no,0
348,162,no,0
349,83,no,0
350,100,no,1
351,59,no,0
352,179,yes,0
353,79,no,0
354,117,no,0
355,64,yes,1
356,31,no,0
357,124,yes,0
358,122,no,0
359,37,yes,0
360,90,no,0
361,159,yes,1
362,148,no,0
363,39,no,0
364,77,no,0
365,194,no,0
366,154,no,1
367,112,no,0
368,45,no,0
369,132,no,0
370,128,no,0
371,135,no,0
372,56,no,0
373,151,yes,1
374,32,no,0
375,90,no,0
376,87,no,0
377,138,no,0
378,79,no,0
379,95,yes,1
380,127,no,0
381,137,no,0
382,97,no,0
383,149,yes,0
384,117,yes,0
385,84,no,0
386,137,no,0
387,99,no,0
388,54,no,0
389,85,no,0
390,150,no,0
391,43,no,0
392,35,no,0
393,98,no,0
394,112,no,0
395,16,no,1
396,98,no,0
397,84,no,0
398,94,no,1
399,84,no,0
400,66,no,1
401,98,no,0
402,74,no,0
403,96,no,0
404,119,no,0
405,73,no,0
406,92,yes,0
407,21,no,0
408,122,no,1
409,133,yes,0
410,145,no,0
411,25,no,0
412,64,no,0
413,85,no,0
414,126,no,0
415,76,no,0
416,113,no,1
417,224,yes,1
418,117,no,0
419,128,no,0
420,115,no,0
421,141,no,0
422,51,no,0
423,100,no,0
424,96,no,0
425,112,no,0
426,129,yes,0
427,163,no,0
428,67,no,0
429,140,no,0
430,49,no,0
431,46,no,1
432,148,no,0
433,112,no,0
434,78,no,0
435,61,no,0
436,58,no,0
437,155,no,0
438,100,no,1
439,113,no,0
440,81,no,0
441,135,no,0
442,99,no,0
443,59,no,0
444,135,no,0
445,85,yes,0
446,70,no,0
447,88,no,0
448,55,no,0
449,75,no,0
450,79,no,0
451,85,no,0
452,86,no,0
453,91,no,0
454,149,no,0
455,97,no,1
456,88,no,1
457,60,no,0
458,54,no,0
459,11,no,0
460,109,no,0
461,90,no,0
462,115,no,0
463,144,no,0
464,91,no,0
465,105,no,0
466,71,yes,1
467,132,no,1
468,112,no,0
469,86,no,0
470,41,no,0
471,44,no,0
472,78,no,0
473,149,no,0
474,72,no,1
475,139,no,0
476,74,no,0
477,50,no,0
478,141,no,0
479,140,no,0
480,99,no,0
481,166,no,0
482,124,no,0
483,74,no,0
484,117,no,0
485,85,no,0
486,36,no,0
487,102,yes,0
488,76,no,0
489,165,no,0
490,130,no,0
491,78,no,0
492,55,yes,1
493,92,yes,1
494,129,no,0
495,18,no,0
496,161,yes,0
497,93,no,0
498,144,no,0
499,75,yes,1
500,95,no,0
501,126,no,0
502,124,no,0
503,93,yes,1
504,109,yes,0
505,80,no,0
506,41,no,0
507,136,no,0
508,92,no,1
509,143,no,0
510,118,no,1
511,193,no,0
512,73,no,0
513,62,no,0
514,30,no,0
515,60,yes,1
516,148,no,0
517,96,no,0
518,52,no,0
519,87,no,0
520,41,no,0
521,112,no,0
522,88,no,1
523,122,no,0
524,61,no,0
525,87,no,0
526,176,no,0
527,30,no,0
528,95,no,0
529,46,no,0
530,100,yes,0
531,47,no,0
532,77,no,0
533,98,no,0
534,125,no,0
535,67,no,0
536,194,no,0
537,128,no,0
538,190,no,0
539,165,no,0
540,59,no,0
541,47,no,0
542,150,no,0
543,152,yes,1
544,26,no,0
545,79,no,0
546,95,no,0
547,69,yes,1
548,95,yes,1
549,31,no,0
550,121,no,0
551,111,no,1
552,157,no,0
553,44,no,1
554,61,yes,0
555,65,no,0
556,74,no,0
557,123,no,0
558,58,no,0
559,74,no,1
560,125,no,0
561,80,no,0
562,53,no,0
563,99,no,0
564,99,no,0
565,66,no,0
566,97,no,0
567,75,no,0
568,85,yes,0
569,108,no,0
570,133,yes,1
571,51,no,0
572,186,no,0
573,44,yes,0
574,64,no,0
575,44,no,1
576,114,no,0
577,92,no,0
578,110,no,0
579,90,no,0
580,72,no,0
581,113,no,1
582,171,no,0
583,104,no,0
584,165,no,0
585,104,no,1
586,110,no,0
587,90,yes,0
588,114,no,0
589,101,no,1
590,117,no,0
591,109,no,0
592,82,no,0
593,92,no,0
594,82,no,0
595,90,no,0
596,87,no,0
597,124,no,0
598,39,no,0
599,84,no,0
600,75,no,0
601,102,no,0
602,62,yes,1
603,143,no,0
604,53,no,0
605,30,no,0
606,112,no,1
607,129,no,0
608,63,no,0
609,28,no,0
610,111,no,0
611,91,no,0
612,90,no,0
613,151,no,0
614,105,yes,1
615,41,no,0
616,48,no,0
617,166,yes,0
618,79,no,0
619,153,no,0
620,110,yes,1
621,163,no,0
622,126,no,0
623,105,no,0
624,172,no,0
625,126,no,0
626,97,no,0
627,95,yes,1
628,87,no,0
629,97,no,0
630,76,no,1
631,140,no,0
632,169,no,0
633,68,no,0
634,122,no,0
635,36,no,0
636,120,no,0
637,121,no,0
638,64,no,0
639,13,no,0
640,106,no,0
641,88,no,0
642,74,no,0
643,83,no,0
644,49,no,0
645,111,no,0
646,50,no,0
647,153,no,0
648,88,no,0
649,131,no,0
650,79,no,1
651,140,no,0
652,105,no,0
653,54,no,0
654,87,no,0
655,96,no,0
656,79,no,1
657,55,no,0
658,130,no,0
659,34,no,0
660,139,no,0
661,109,no,1
662,65,no,0
663,63,no,0
664,152,no,0
665,147,no,0
666,112,no,0
667,120,no,0
668,27,no,0
669,171,no,0
670,101,no,0
671,32,no,0
672,3,no,0
673,151,no,0
674,60,no,0
675,119,no,0
676,43,no,0
677,42,no,0
678,84,no,0
679,65,no,0
680,75,yes,1
681,116,no,0
682,107,no,0
683,189,no,0
684,123,no,0
685,110,no,0
686,63,no,0
687,176,no,0
688,108,no,0
689,13,no,0
690,71,no,0
691,88,no,0
692,137,no,0
693,82,no,0
694,92,no,0
695,165,no,0
696,96,no,0
697,156,no,0
698,63,no,0
699,37,no,0
700,98,no,0
701,121,no,0
702,94,no,0
703,99,no,0
704,163,no,0
705,161,no,0
706,99,no,0
707,108,no,0
708,84,no,0
709,83,yes,0
710,139,no,0
711,69,no,0
712,129,no,0
713,106,no,0
714,158,no,0
715,168,no,0
716,115,yes,1
717,57,yes,0
718,67,no,0
719,127,no,0
720,78,no,0
721,100,no,0
722,103,no,1
723,113,no,0
724,78,no,0
725,129,no,0
726,57,no,0
727,82,no,0
728,64,no,0
729,86,no,0
730,151,no,0
731,94,no,1
732,90,no,0
733,48,no,0
734,85,no,0
735,93,yes,0
736,169,yes,0
737,68,no,1
738,91,yes,1
739,68,no,0
740,101,no,0
741,67,no,0
742,66,no,0
743,116,no,0
744,158,no,0
745,78,no,0
746,119,no,0
747,120,no,0
748,155,no,0
749,106,no,0
750,87,yes,0
751,146,no,0
752,101,no,0
753,22,no,0
754,90,no,0
755,41,no,0
756,69,no,0
757,33,no,0
758,112,no,0
759,108,no,0
760,136,no,0
761,128,no,0
762,27,no,0
763,161,yes,0
764,33,no,0
765,120,no,0
766,113,no,0
767,122,yes,1
768,148,no,0
769,74,no,0
770,106,no,0
771,179,no,0
772,149,yes,1
773,77,no,0
774,127,yes,1
775,80,no,0
776,106,no,0
777,61,no,0
778,135,yes,0
779,115,no,0
780,167,yes,0
781,107,yes,0
782,112,yes,0
783,35,no,0
784,103,yes,0
785,107,no,0
786,69,no,0
787,85,no,0
788,24,no,1
789,90,no,0
790,137,no,0
791,92,yes,0
792,38,no,0
793,69,yes,1
794,45,no,0
795,73,no,0
796,92,no,0
797,113,no,0
798,68,yes,1
799,135,no,0
800,100,no,0
801,96,no,0
802,108,no,0
803,84,no,0
804,134,no,0
805,72,no,0
806,83,no,0
807,137,no,0
808,56,no,0
809,61,yes,0
810,171,no,0
811,123,no,0
812,58,no,0
813,156,no,0
814,166,no,0
815,75,no,0
816,75,no,1
817,83,no,0
818,243,no,0
819,153,no,0
820,150,no,0
821,92,no,0
822,80,no,0
823,134,no,0
824,77,no,0
825,147,no,0
826,74,no,0
827,138,yes,0
828,143,no,0
829,64,no,0
830,120,no,0
831,121,yes,1
832,88,no,0
833,87,no,1
834,100,no,0
835,104,no,0
836,27,no,0
837,81,no,0
838,64,yes,0
839,107,no,0
840,88,no,0
841,111,no,0
842,77,no,0
843,67,yes,0
844,102,no,0
845,146,no,0
846,144,no,0
847,96,no,1
848,70,no,0
849,149,no,0
850,129,no,0
851,166,no,0
852,136,yes,1
853,149,no,0
854,70,no,0
855,120,no,0
856,66,no,0
857,104,no,0
858,160,no,0
859,129,no,0
860,93,no,1
861,169,no,0
862,58,no,0
863,75,no,0
864,45,no,0
865,155,no,0
866,52,no,0
867,119,no,0
868,86,no,0
869,42,no,0
870,127,yes,0
871,123,no,0
872,98,no,1
873,149,no,0
874,160,no,0
875,103,no,0
876,132,no,0
877,137,no,0
878,129,yes,0
879,62,no,0
880,122,no,0
881,32,no,0
882,86,no,0
883,130,no,0
884,42,no,0
885,73,no,0
886,66,no,0
887,103,no,0
888,128,no,0
889,104,no,0
890,103,no,0
891,124,no,0
892,87,no,0
893,109,no,1
894,167,yes,0
895,97,no,1
896,106,no,0
897,125,no,0
898,108,no,0
899,125,no,0
900,89,no,0
901,72,yes,0
902,23,no,1
903,149,no,0
904,73,no,0
905,61,no,1
906,161,no,1
907,73,no,0
908,118,no,0
909,23,no,0
910,127,no,0
911,42,no,0
912,118,no,1
913,45,no,0
914,50,no,0
915,179,no,1
916,152,no,0
917,105,no,0
918,72,no,0
919,52,no,0
920,125,no,0
921,143,no,0
922,65,no,0
923,80,no,0
924,1,no,0
925,60,no,0
926,43,no,0
927,143,no,0
928,81,no,0
929,205,no,0
930,24,no,0
931,74,no,0
932,77,no,0
933,74,no,0
934,74,yes,1
935,200,no,0
936,86,no,0
937,91,no,0
938,76,no,0
939,130,no,0
940,56,no,0
941,117,no,0
942,63,no,0
943,126,no,0
944,132,no,0
945,81,no,1
946,122,no,0
947,46,no,1
948,150,no,0
949,99,no,0
950,87,no,0
951,108,no,0
952,101,no,0
953,53,no,0
954,132,no,0
955,158,no,0
956,114,no,0
957,77,no,0
958,144,yes,0
959,91,no,0
960,58,no,0
961,5,no,0
962,97,no,0
963,107,no,0
964,142,no,0
965,9,no,0
966,73,no,0
967,48,no,1
968,43,no,0
969,122,no,1
970,93,no,0
971,85,no,0
972,59,no,0
973,87,no,0
974,137,no,0
975,21,no,0
976,129,no,1
977,104,no,0
978,93,no,1
979,63,no,1
980,161,no,0
981,50,no,0
982,103,no,0
983,84,no,0
984,92,no,0
985,77,no,0
986,64,yes,1
987,159,no,0
988,110,yes,1
989,138,no,0
990,178,no,0
991,38,no,0
992,50,no,0
993,45,no,0
994,70,no,0
995,147,no,0
996,94,no,0
997,179,no,0
998,116,no,0
999,59,no,0
1000,165,no,0
1001,133,no,1
1002,140,no,0
1003,93,no,0
1004,52,no,0
1005,64,no,0
1006,12,yes,0
1007,48,no,0
1008,181,no,0
1009,168,no,0
1010,155,no,0
1011,105,no,0
1012,11,no,0
1013,182,no,0
1014,104,no,0
1015,102,no,0
1016,122,no,0
1017,41,no,0
1018,132,no,0
1019,76,no,1
1020,13,no,0
1021,115,no,0
1022,67,no,0
1023,154,no,0
1024,100,no,0
1025,146,yes,0
1026,148,no,0
1027,67,no,0
1028,161,yes,1
1029,70,no,0
1030,116,no,0
1031,99,no,1
1032,87,no,0
1033,87,no,0
1034,70,no,0
1035,131,no,0
1036,119,no,0
1037,119,no,0
1038,87,yes,0
1039,112,no,1
1040,75,no,0
1041,150,no,0
1042,161,no,0
1043,91,yes,0
1044,124,no,0
1045,94,yes,0
1046,217,no,0
1047,158,no,0
1048,102,no,0
1049,85,no,0
1050,79,no,0
1051,139,no,0
1052,103,no,0
1053,98,yes,0
1054,78,no,0
1055,50,no,0
1056,161,no,0
1057,67,no,0
1058,86,no,0
1059,92,no,0
1060,174,no,0
1061,124,no,0
1062,132,no,0
1063,190,no,0
1064,101,no,0
1065,185,yes,0
1066,68,no,0
1067,117,no,0
1068,118,no,0
1069,124,no,0
1070,22,no,0
1071,75,no,0
1072,134,no,0
1073,164,no,0
1074,44,no,0
1075,177,no,0
1076,110,no,0
1077,53,no,0
1078,108,no,1
1079,80,no,1
1080,158,no,0
1081,114,no,0
1082,64,no,0
1083,88,no,0
1084,82,yes,0
1085,111,no,0
1086,60,no,0
1087,113,no,0
1088,109,no,0
1089,105,no,0
1090,85,no,0
1091,131,no,0
1092,59,no,0
1093,148,no,0
1094,210,no,0
1095,115,no,0
1096,106,no,0
1097,93,no,0
1098,57,no,0
1099,98,no,0
1100,157,no,0
1101,116,no,0
1102,30,no,0
1103,111,no,1
1104,52,no,0
1105,72,no,0
1106,135,no,1
1107,86,no,0
1108,98,no,0
1109,151,no,0
1110,118,no,0
1111,117,no,0
1112,55,no,0
1113,82,no,0
1114,152,no,0
1115,108,no,0
1116,98,no,1
1117,130,no,0
1118,136,yes,0
1119,47,no,0
1120,189,no,0
1121,107,no,0
1122,91,no,1
1123,159,no,1
1124,11,no,0
1125,167,no,0
1126,111,no,0
1127,99,no,0
1128,159,no,0
1129,114,yes,0
1130,71,no,0
1131,122,no,0
1132,100,no,0
1133,83,no,0
1134,64,no,1
1135,105,no,0
1136,144,no,0
1137,106,yes,1
1138,19,no,0
1139,46,no,0
1140,127,no,0
1141,9,no,0
1142,157,no,0
1143,105,no,1
1144,105,no,0
1145,155,no,0
1146,31,no,0
1147,161,no,0
1148,95,no,0
1149,122,no,0
1150,37,yes,0
1151,132,no,1
1152,119,no,0
1153,16,no,0
1154,99,no,0
1155,76,no,0
1156,167,no,1
1157,129,no,0
1158,116,no,0
1159,60,yes,0
1160,128,no,0
1161,47,no,0
1162,40,yes,0
1163,173,no,0
1164,157,no,0
1165,66,no,0
1166,50,yes,0
1167,72,no,0
1168,130,no,0
1169,143,no,0
1170,89,yes,0
1171,108,no,0
1172,32,no,0
1173,166,no,0
1174,109,no,0
1175,72,no,0
1176,134,no,0
1177,13,no,0
1178,90,no,0
1179,111,no,0
1180,101,no,0
1181,72,no,0
1182,67,no,0
1183,172,no,1
1184,154,no,0
1185,69,no,0
1186,123,no,0
1187,130,no,0
1188,142,no,0
1189,29,no,0
1190,87,no,0
1191,149,no,0
1192,146,yes,0
1193,88,yes,1
1194,119,yes,1
1195,48,no,0
1196,135,no,0
1197,100,no,0
1198,98,no,0
1199,75,no,0
1200,180,no,0
1201,100,no,0
1202,119,no,0
1203,86,no,0
1204,155,no,0
1205,78,yes,1
1206,153,no,0
1207,92,no,0
1208,13,no,0
1209,154,no,0
1210,144,yes,0
1211,48,no,0
1212,94,no,0
1213,139,no,0
1214,126,no,0
1215,122,no,0
1216,139,no,0
1217,95,no,0
1218,80,no,0
1219,131,no,0
1220,36,no,0
1221,180,no,0
1222,25,no,0
1223,113,no,0
1224,88,no,0
1225,120,no,0
1226,74,no,0
1227,109,no,0
1228,162,no,0
1229,124,no,0
1230,177,no,0
1231,91,no,0
1232,105,no,1
1233,24,no,1
1234,48,no,0
1235,86,no,0
1236,163,no,0
1237,91,no,0
1238,56,no,0
1239,147,yes,0
1240,64,no,0
1241,108,no,1
1242,159,no,0
1243,136,yes,0
1244,116,no,0
1245,45,no,0
1246,122,no,0
1247,138,no,0
1248,132,no,0
1249,101,yes,0
1250,58,no,0
1251,81,no,0
1252,87,no,0
1253,116,no,0
1254,85,yes,0
1255,62,no,1
1256,90,no,0
1257,98,no,0
1258,73,no,0
1259,107,yes,0
1260,55,no,0
1261,76,no,0
1262,30,no,0
1263,157,no,0
1264,40,no,1
1265,72,no,0
1266,95,no,0
1267,42,no,0
1268,86,no,0
1269,131,no,0
1270,55,no,1
1271,74,no,0
1272,81,yes,0
1273,81,no,0
1274,28,no,1
1275,111,no,0
1276,3,no,0
1277,51,no,1
1278,68,no,0
1279,163,no,1
1280,87,no,0
1281,58,no,1
1282,109,no,0
1283,111,no,0
1284,144,no,0
1285,135,no,1
1286,109,no,0
1287,107,no,0
1288,149,no,0
1289,56,no,0
1290,129,no,0
1291,92,no,0
1292,67,no,0
1293,120,no,0
1294,166,no,0
1295,66,no,0
1296,76,no,0
1297,79,no,0
1298,98,no,0
1299,141,no,0
1300,49,no,1
1301,46,no,0
1302,137,no,0
1303,171,no,1
1304,10,no,0
1305,88,no,0
1306,89,no,0
1307,82,no,1
1308,139,no,0
1309,87,no,0
1310,137,yes,0
1311,45,no,1
1312,90,no,0
1313,103,no,0
1314,100,no,0
1315,110,no,0
1316,124,no,0
1317,10,no,0
1318,89,no,0
1319,121,no,0
1320,101,no,0
1321,103,no,0
1322,51,no,0
1323,2,yes,1
1324,111,no,0
1325,118,no,0
1326,17,no,1
1327,130,no,0
1328,193,no,1
1329,114,no,0
1330,137,no,0
1331,185,no,0
1332,101,no,0
1333,95,no,0
1334,7,no,0
1335,126,no,1
1336,71,no,0
1337,124,no,0
1338,97,yes,1
1339,28,no,0
1340,90,yes,1
1341,190,no,0
1342,31,no,0
1343,52,no,0
1344,73,no,0
1345,111,no,1
1346,98,no,1
1347,106,yes,1
1348,111,no,0
1349,59,no,0
1350,71,no,0
1351,55,no,1
1352,13,no,0
1353,136,no,0
1354,123,no,0
1355,105,no,0
1356,50,no,0
1357,118,no,0
1358,97,no,0
1359,51,no,0
1360,73,no,1
1361,35,no,0
1362,64,no,0
1363,63,no,0
1364,117,no,0
1365,115,no,1
1366,162,no,0
1367,89,no,0
1368,94,yes,0
1369,129,no,0
1370,86,no,0
1371,96,no,0
1372,190,no,0
1373,80,no,0
1374,108,no,1
1375,97,no,0
1376,84,no,0
1377,65,no,1
1378,131,no,0
1379,58,yes,0
1380,36,no,0
1381,54,no,0
1382,45,no,0
1383,125,no,0
1384,72,no,0
1385,141,no,0
1386,113,no,0
1387,20,no,0
1388,212,no,0
1389,99,yes,0
1390,94,no,0
1391,40,no,0
1392,86,no,0
1393,101,no,1
1394,170,no,0
1395,105,no,0
1396,103,no,0
1397,140,yes,0
1398,101,no,0
1399,98,no,0
1400,104,no,0
1401,115,no,0
1402,112,no,0
1403,70,no,0
1404,126,no,0
1405,87,no,0
1406,125,no,1
1407,86,no,0
1408,73,no,1
1409,232,no,0
1410,1,no,0
1411,133,no,0
1412,103,no,0
1413,131,no,0
1414,95,no,0
1415,182,no,0
1416,99,no,0
1417,27,no,0
1418,141,no,0
1419,29,yes,0
1420,65,no,0
1421,81,yes,1
1422,37,no,0
1423,107,no,0
1424,127,yes,0
1425,78,no,0
1426,55,no,0
1427,86,no,0
1428,176,no,0
1429,96,yes,0
1430,11,no,0
1431,48,no,0
1432,127,no,0
1433,63,no,0
1434,79,no,0
1435,47,no,0
1436,89,yes,1
1437,83,no,0
1438,126,yes,0
1439,60,no,0
1440,122,no,0
1441,136,no,0
1442,172,no,0
1443,102,no,1
1444,113,yes,0
1445,79,no,0
1446,55,no,0
1447,111,no,0
1448,160,no,0
1449,110,no,0
1450,192,no,0
1451,93,no,0
1452,101,no,0
1453,77,no,0
1454,105,no,0
1455,133,no,1
1456,131,no,0
1457,106,no,0
1458,118,no,0
1459,125,no,0
1460,95,no,0
1461,80,no,0
1462,145,no,0
1463,37,no,0
1464,87,no,0
1465,69,no,0
1466,83,no,0
1467,195,no,0
1468,67,yes,1
1469,75,no,0
1470,123,no,0
1471,41,no,0
1472,75,no,0
1473,76,yes,1
1474,86,yes,0
1475,140,no,0
1476,70,no,0
1477,121,no,0
1478,112,no,0
1479,118,no,0
1480,66,no,0
1481,78,no,0
1482,129,no,0
1483,6,no,0
1484,107,yes,0
1485,107,yes,1
1486,138,no,0
1487,103,no,0
1488,116,no,0
1489,189,no,0
1490,161,no,0
1491,1,no,0
1492,89,no,0
1493,64,no,0
1494,126,no,1
1495,129,no,0
1496,128,no,0
1497,81,no,0
1498,114,no,0
1499,50,no,0
1500,86,no,0
1501,96,no,0
1502,72,no,0
1503,64,no,0
1504,57,yes,0
1505,65,no,0
1506,163,no,0
1507,136,no,0
1508,116,no,0
1509,93,no,0
1510,142,no,0
1511,92,no,0
1512,70,no,0
1513,22,no,0
1514,37,no,0
1515,51,no,0
1516,174,no,0
1517,68,no,1
1518,130,no,0
1519,104,no,0
1520,134,no,0
1521,108,no,0
1522,103,no,0
1523,62,no,0
1524,162,no,0
1525,93,no,0
1526,42,no,0
1527,155,no,0
1528,36,no,0
1529,143,no,1
1530,197,no,0
1531,81,no,1
1532,138,yes,1
1533,103,no,1
1534,127,yes,1
1535,136,no,1
1536,99,no,0
1537,95,no,0
1538,118,yes,1
1539,113,no,1
1540,128,yes,0
1541,117,no,0
1542,48,no,0
1543,81,yes,0
1544,57,no,0
1545,140,no,0
1546,107,no,0
1547,56,no,0
1548,159,no,0
1549,102,no,0
1550,107,no,0
1551,106,no,0
1552,225,no,1
1553,75,no,0
1554,86,no,0
1555,169,no,0
1556,122,no,0
1557,106,no,0
1558,52,no,0
1559,79,no,0
1560,135,no,0
1561,70,no,0
1562,80,no,0
1563,37,no,0
1564,161,no,0
1565,137,no,0
1566,123,no,0
1567,80,no,0
1568,94,no,0
1569,105,no,0
1570,73,no,0
1571,112,no,0
1572,179,no,0
1573,57,no,0
1574,127,no,0
1575,122,yes,0
1576,33,no,0
1577,94,no,0
1578,100,no,0
1579,106,no,0
1580,148,no,0
1581,120,no,0
1582,91,no,0
1583,86,no,0
1584,78,no,0
1585,94,no,0
1586,85,no,1
1587,89,no,0
1588,128,no,0
1589,115,yes,0
1590,76,no,0
1591,75,no,0
1592,90,no,0
1593,30,no,0
1594,105,yes,1
1595,102,no,0
1596,83,no,0
1597,63,no,0
1598,155,no,0
1599,82,no,0
1600,87,no,0
1601,115,no,0
1602,99,yes,1
1603,121,yes,0
1604,54,no,0
1605,105,no,0
1606,73,no,0
1607,95,no,0
1608,21,no,0
1609,163,no,0
1610,57,no,0
1611,104,yes,0
1612,83,no,0
1613,141,no,0
1614,95,no,0
1615,184,no,1
1616,74,no,0
1617,67,no,0
1618,104,yes,0
1619,71,no,0
1620,149,no,1
1621,154,no,0
1622,138,no,0
1623,117,no,0
1624,130,no,0
1625,73,no,0
1626,100,no,0
1627,149,no,0
1628,29,no,0
1629,131,no,0
1630,153,no,0
1631,84,no,0
1632,133,no,0
1633,112,no,0
1634,87,no,0
1635,72,no,0
1636,66,no,1
1637,65,no,0
1638,74,no,0
1639,116,no,1
1640,68,no,0
1641,68,no,0
1642,54,yes,0
1643,99,no,0
1644,107,no,0
1645,124,no,0
1646,95,no,0
1647,173,no,1
1648,110,no,0
1649,102,no,0
1650,130,no,0
1651,91,no,0
1652,64,yes,1
1653,176,no,0
1654,93,yes,1
1655,84,no,0
1656,138,no,0
1657,101,no,0
1658,136,no,0
1659,111,no,0
1660,132,no,0
1661,128,no,0
1662,92,no,0
1663,197,yes,1
1664,191,no,0
1665,99,no,0
1666,106,no,0
1667,88,no,0
1668,78,no,0
1669,98,no,0
1670,17,no,0
1671,56,no,0
1672,84,no,0
1673,95,no,0
1674,16,no,0
1675,76,yes,1
1676,93,no,0
1677,83,no,0
1678,123,no,0
1679,64,no,0
1680,82,no,1
1681,107,no,0
1682,110,no,0
1683,96,no,0
1684,47,no,0
1685,115,no,0
1686,69,no,0
1687,163,no,0
1688,90,no,0
1689,98,no,0
1690,90,no,0
1691,174,no,0
1692,95,no,1
1693,79,no,1
1694,123,no,0
1695,99,no,1
1696,114,no,0
1697,141,no,0
1698,132,no,0
1699,133,no,0
1700,133,no,0
1701,93,no,0
1702,34,no,1
1703,140,no,1
1704,96,no,0
1705,144,no,1
1706,24,no,0
1707,54,no,0
1708,50,no,1
1709,92,no,0
1710,96,no,0
1711,146,no,0
1712,138,yes,0
1713,102,no,0
1714,76,no,1
1715,99,no,0
1716,83,no,0
1717,36,no,0
1718,70,no,0
1719,109,yes,1
1720,100,no,0
1721,104,no,0
1722,106,no,0
1723,84,no,0
1724,80,no,0
1725,100,no,0
1726,99,no,0
1727,50,no,0
1728,105,no,0
1729,113,no,0
1730,111,no,0
1731,161,no,0
1732,70,no,1
1733,97,no,0
1734,130,no,0
1735,92,no,0
1736,119,no,0
1737,115,no,1
1738,134,no,0
1739,127,no,0
1740,80,no,1
1741,153,no,0
1742,85,no,0
1743,79,no,0
1744,35,no,0
1745,120,no,0
1746,68,no,0
1747,60,no,1
1748,120,no,0
1749,71,no,0
1750,124,no,0
1751,23,no,1
1752,225,no,0
1753,181,yes,1
1754,63,no,0
1755,54,yes,1
1756,80,yes,0
1757,118,yes,0
1758,42,yes,0
1759,134,no,0
1760,66,no,0
1761,66,no,0
1762,127,no,0
1763,146,no,0
1764,93,no,0
1765,77,no,1
1766,111,no,1
1767,125,no,0
1768,115,no,0
1769,115,yes,1
1770,114,no,0
1771,106,no,0
1772,118,no,0
1773,59,no,0
1774,87,yes,0
1775,21,no,0
1776,142,no,0
1777,62,no,0
1778,149,no,1
1779,54,no,0
1780,112,no,0
1781,68,no,0
1782,201,no,0
1783,88,no,0
1784,85,no,0
1785,51,yes,1
1786,45,no,0
1787,116,no,0
1788,146,no,0
1789,63,no,0
1790,133,no,0
1791,125,no,0
1792,72,no,0
1793,130,no,0
1794,97,no,0
1795,54,no,1
1796,160,no,0
1797,79,no,0
1798,92,no,0
1799,59,no,0
1800,132,no,0
1801,21,no,0
1802,93,no,0
1803,147,no,0
1804,101,no,0
1805,125,yes,1
1806,63,no,0
1807,107,no,0
1808,110,no,0
1809,83,no,0
1810,117,no,0
1811,124,no,0
1812,115,no,0
1813,156,yes,0
1814,89,no,0
1815,72,no,0
1816,101,no,0
1817,53,no,0
1818,116,no,0
1819,78,no,0
1820,117,no,0
1821,56,no,0
1822,123,no,0
1823,127,no,0
1824,116,no,0
1825,138,no,0
1826,120,no,0
1827,102,no,0
1828,95,no,0
1829,102,no,0
1830,89,no,0
1831,50,no,0
1832,93,no,0
1833,68,no,0
1834,70,no,0
1835,138,no,0
1836,141,no,0
1837,112,no,0
1838,117,yes,1
1839,1,no,0
1840,70,no,0
1841,87,no,0
1842,52,no,0
1843,97,no,1
1844,105,no,0
1845,77,no,1
1846,80,yes,1
1847,120,no,0
1848,54,no,0
1849,148,yes,0
1850,119,no,1
1851,162,no,1
1852,85,no,1
1853,101,no,0
1854,172,no,0
1855,80,no,0
1856,67,no,0
1857,86,no,0
1858,107,no,1
1859,133,no,0
1860,116,no,0
1861,63,no,0
1862,119,yes,1
1863,133,yes,1
1864,94,yes,0
1865,69,no,0
1866,146,no,1
1867,119,no,1
1868,142,yes,0
1869,123,no,0
1870,101,no,1
1871,43,no,0
1872,69,no,0
1873,15,yes,0
1874,107,no,0
1875,67,no,0
1876,99,no,0
1877,46,no,0
1878,55,yes,0
1879,39,no,1
1880,92,no,0
1881,56,no,1
1882,76,no,1
1883,132,yes,0
1884,140,no,0
1885,51,yes,0
1886,27,no,0
1887,224,no,0
1888,105,yes,1
1889,117,no,0
1890,91,no,1
1891,135,no,0
1892,146,no,0
1893,147,yes,1
1894,68,no,1
1895,68,no,0
1896,86,no,0
1897,131,no,0
1898,86,no,0
1899,159,no,1
1900,134,no,0
1901,113,no,0
1902,132,no,0
1903,85,no,0
1904,93,yes,1
1905,174,no,1
1906,61,no,0
1907,91,no,0
1908,88,no,0
1909,88,no,0
1910,195,no,0
1911,182,no,0
1912,118,no,0
1913,103,no,1
1914,65,no,0
1915,61,no,0
1916,172,no,0
1917,72,no,0
1918,113,no,0
1919,177,no,0
1920,100,no,1
1921,67,no,0
1922,136,no,0
1923,71,no,0
1924,134,no,0
1925,124,no,0
1926,84,no,0
1927,39,no,0
1928,110,no,0
1929,102,no,0
1930,70,no,0
1931,142,no,0
1932,81,yes,0
1933,17,no,0
1934,119,no,1
1935,105,no,1
1936,108,yes,1
1937,90,no,0
1938,100,no,0
1939,155,no,0
1940,113,no,1
1941,123,no,0
1942,145,no,0
1943,42,no,0
1944,125,no,0
1945,131,no,0
1946,107,no,0
1947,48,no,0
1948,76,no,0
1949,128,no,0
1950,73,no,0
1951,52,no,1
1952,126,yes,0
1953,124,no,0
1954,137,no,0
1955,71,no,1
1956,139,no,0
1957,107,no,0
1958,147,no,0
1959,116,no,0
1960,60,no,0
1961,38,no,0
1962,63,no,0
1963,94,no,0
1964,131,no,0
1965,158,no,0
1966,139,no,1
1967,77,no,0
1968,140,no,0
1969,72,no,0
1970,52,no,0
1971,103,no,0
1972,74,no,0
1973,124,no,0
1974,85,no,0
1975,113,no,1
1976,71,no,0
1977,177,no,0
1978,49,yes,1
1979,106,yes,1
1980,60,no,0
1981,43,no,0
1982,66,no,0
1983,125,no,0
1984,114,no,0
1985,112,no,1
1986,101,no,0
1987,70,no,0
1988,59,no,0
1989,59,no,0
1990,124,no,0
1991,99,no,0
1992,150,no,0
1993,81,no,0
1994,86,no,0
1995,84,no,0
1996,118,no,0
1997,89,no,0
1998,93,no,0
1999,85,no,0
2000,160,no,0
2001,28,no,0
2002,73,no,1
2003,156,no,0
2004,33,yes,0
2005,77,no,0
2006,119,no,0
2007,91,no,0
2008,102,no,0
2009,86,no,0
2010,82,no,0
2011,89,no,0
2012,86,no,0
2013,134,no,0
2014,92,no,0
2015,87,no,0
2016,64,no,0
2017,80,no,0
2018,165,no,0
2019,153,no,0
2020,41,no,0
2021,108,no,0
2022,104,no,0
2023,115,no,0
2024,87,no,0
2025,159,no,0
2026,119,no,0
2027,69,no,0
2028,87,yes,0
2029,93,no,1
2030,154,yes,1
2031,57,no,0
2032,130,no,0
2033,151,no,0
2034,162,no,1
2035,60,no,0
2036,81,no,0
2037,132,no,0
2038,86,no,0
2039,136,no,1
2040,121,no,0
2041,105,no,0
2042,105,no,0
2043,51,no,0
2044,64,no,0
2045,80,yes,0
2046,56,no,0
2047,120,no,0
2048,103,no,0
2049,164,no,0
2050,116,no,0
2051,121,no,0
2052,55,yes,0
2053,183,no,0
2054,104,no,0
2055,90,no,0
2056,82,no,0
2057,101,no,0
2058,9,no,0
2059,97,no,0
2060,94,no,1
2061,127,no,0
2062,125,no,0
2063,140,no,0
2064,90,no,0
2065,67,no,0
2066,113,no,0
2067,121,no,0
2068,93,no,0
2069,121,no,0
2070,53,no,1
2071,75,no,0
2072,132,no,0
2073,162,no,0
2074,140,no,0
2075,91,no,0
2076,73,no,0
2077,95,yes,1
2078,145,no,0
2079,100,no,0
2080,122,no,0
2081,109,no,0
2082,82,no,0
2083,65,no,0
2084,52,no,0
2085,136,no,0
2086,75,no,0
2087,146,no,0
2088,105,no,0
2089,48,no,0
2090,45,no,0
2091,106,no,0
2092,33,no,0
2093,68,no,0
2094,106,no,0
2095,141,no,0
2096,98,no,0
2097,94,no,0
2098,65,no,0
2099,85,no,0
2100,71,no,1
2101,112,no,0
2102,110,no,0
2103,111,no,0
2104,74,no,1
2105,105,no,0
2106,40,no,0
2107,128,yes,1
2108,123,no,1
2109,122,no,0
2110,114,no,0
2111,102,no,0
2112,126,no,0
2113,150,no,1
2114,60,no,1
2115,123,no,0
2116,138,yes,1
2117,29,no,0
2118,111,no,0
2119,37,yes,1
2120,111,no,1
2121,81,no,0
2122,46,no,0
2123,69,no,0
2124,125,no,0
2125,43,no,0
2126,127,no,0
2127,94,no,0
2128,46,no,0
2129,73,no,0
2130,146,no,0
2131,93,no,0
2132,52,no,0
2133,202,no,0
2134,129,no,0
2135,94,no,0
2136,100,no,0
2137,43,no,0
2138,130,no,0
2139,124,no,0
2140,92,yes,1
2141,48,no,0
2142,98,no,0
2143,100,no,1
2144,79,no,0
2145,164,no,0
2146,105,no,0
2147,89,yes,0
2148,126,no,1
2149,96,no,0
2150,120,no,0
2151,212,no,1
2152,72,no,0
2153,155,yes,0
2154,89,no,0
2155,126,yes,0
2156,172,no,1
2157,75,no,0
2158,143,no,0
2159,166,yes,1
2160,132,no,0
2161,94,yes,1
2162,99,no,0
2163,136,no,0
2164,119,no,0
2165,115,yes,1
2166,160,no,0
2167,166,no,0
2168,120,no,0
2169,173,no,0
2170,156,no,0
2171,70,no,0
2172,41,no,0
2173,132,no,0
2174,47,yes,1
2175,160,no,0
2176,180,no,0
2177,93,no,0
2178,109,no,0
2179,80,no,0
2180,54,no,0
2181,121,no,0
2182,157,no,0
2183,170,no,0
2184,138,no,0
2185,92,no,0
2186,126,no,0
2187,41,no,1
2188,167,no,1
2189,91,no,0
2190,127,no,0
2191,88,no,0
2192,113,no,0
2193,78,no,0
2194,123,no,0
2195,136,yes,0
2196,68,no,0
2197,132,no,0
2198,133,no,0
2199,127,no,0
2200,110,no,0
2201,121,no,0
2202,116,no,0
2203,112,yes,0
2204,97,yes,1
2205,43,no,0
2206,110,no,0
2207,67,no,0
2208,166,no,0
2209,129,no,0
2210,103,yes,0
2211,71,no,1
2212,112,no,0
2213,8,no,0
2214,98,no,1
2215,90,no,0
2216,13,no,1
2217,58,no,0
2218,137,no,0
2219,116,no,1
2220,94,no,0
2221,87,no,0
2222,120,no,0
2223,97,no,0
2224,134,no,0
2225,68,no,0
2226,93,no,0
2227,120,no,0
2228,41,no,0
2229,80,no,0
2230,83,no,0
2231,109,yes,0
2232,66,no,0
2233,104,no,0
2234,89,no,0
2235,127,no,0
2236,117,no,0
2237,128,no,0
2238,88,no,1
2239,61,no,1
2240,22,no,0
2241,78,no,0
2242,56,no,0
2243,192,no,0
2244,70,no,0
2245,148,no,0
2246,65,no,0
2247,119,no,0
2248,80,no,0
2249,152,no,0
2250,113,no,0
2251,75,no,0
2252,80,no,0
2253,148,no,0
2254,63,yes,0
2255,97,no,0
2256,166,no,0
2257,94,no,0
2258,85,no,0
2259,80,yes,1
2260,210,no,0
2261,88,yes,0
2262,100,no,0
2263,154,no,0
2264,32,no,0
2265,18,no,0
2266,126,no,0
2267,144,no,0
2268,29,no,1
2269,86,no,0
2270,138,no,0
2271,146,no,0
2272,175,no,0
2273,74,no,0
2274,48,no,0
2275,74,no,0
2276,105,yes,0
2277,157,no,0
2278,217,no,0
2279,68,no,0
2280,80,no,0
2281,38,no,0
2282,107,no,0
2283,140,no,0
2284,98,no,1
2285,114,no,0
2286,46,no,0
2287,118,no,0
2288,37,no,0
2289,34,no,0
2290,98,yes,0
2291,113,no,1
2292,69,no,0
2293,121,no,0
2294,59,yes,0
2295,59,no,0
2296,190,no,0
2297,109,no,0
2298,136,no,0
2299,86,no,0
2300,100,no,0
2301,106,no,0
2302,104,no,0
2303,129,no,0
2304,205,no,0
2305,93,no,0
2306,123,no,0
2307,99,no,0
2308,61,no,0
2309,71,no,0
2310,4,yes,0
2311,148,no,0
2312,141,no,0
2313,56,no,0
2314,160,no,0
2315,43,no,0
2316,42,no,0
2317,135,yes,0
2318,106,no,0
2319,106,no,0
2320,83,no,0
2321,110,no,0
2322,153,no,0
2323,109,no,0
2324,31,no,0
2325,124,no,1
2326,110,no,1
2327,124,no,0
2328,82,no,1
2329,122,no,0
2330,137,no,0
2331,69,no,0
2332,46,no,0
2333,103,no,0
2334,16,no,0
2335,119,no,0
2336,124,yes,1
2337,122,no,0
2338,139,no,0
2339,67,no,0
2340,84,no,0
2341,101,no,0
2342,40,no,0
2343,61,no,0
2344,120,yes,1
2345,95,no,0
2346,98,no,0
2347,114,no,0
2348,68,yes,1
2349,149,no,0
2350,22,no,0
2351,176,no,0
2352,152,no,0
2353,118,no,0
2354,101,yes,0
2355,102,no,1
2356,118,no,0
2357,105,no,1
2358,153,no,1
2359,71,no,0
2360,71,no,0
2361,68,no,0
2362,66,no,0
2363,101,no,0
2364,116,no,0
2365,54,no,0
2366,112,no,0
2367,122,no,0
2368,74,no,0
2369,90,no,0
2370,112,no,1
2371,85,no,0
2372,100,no,0
2373,114,no,0
2374,83,no,0
2375,157,yes,0
2376,51,no,0
2377,42,no,1
2378,101,no,1
2379,112,no,0
2380,56,no,0
2381,53,no,1
2382,64,no,0
2383,123,no,0
2384,68,no,0
2385,40,yes,0
2386,132,no,0
2387,120,yes,1
2388,108,no,1
2389,161,no,1
2390,130,no,1
2391,122,no,0
2392,130,no,0
2393,90,no,0
2394,139,no,0
2395,57,no,0
2396,128,no,0
2397,127,yes,0
2398,107,no,1
2399,177,no,0
2400,121,no,0
2401,99,yes,0
2402,126,yes,1
2403,77,no,1
2404,21,no,0
2405,56,no,0
2406,92,no,1
2407,81,no,0
2408,139,yes,1
2409,68,no,0
2410,183,no,0
2411,90,no,0
2412,165,no,0
2413,89,no,1
2414,59,no,0
2415,16,yes,0
2416,114,no,1
2417,113,no,0
2418,120,no,0
2419,115,no,0
2420,37,no,1
2421,100,yes,1
2422,132,no,1
2423,38,no,0
2424,1,no,0
2425,97,no,0
2426,55,no,0
2427,75,no,0
2428,83,no,0
2429,40,no,1
2430,101,no,0
2431,120,no,0
2432,183,no,0
2433,75,no,1
2434,80,no,0
2435,88,no,0
2436,112,no,0
2437,63,no,0
2438,105,no,1
2439,92,no,0
2440,177,no,0
2441,118,no,0
2442,111,no,0
2443,82,no,0
2444,74,no,0
2445,121,no,0
2446,131,no,0
2447,125,no,0
2448,19,no,0
2449,138,no,0
2450,119,no,0
2451,137,no,0
2452,182,no,1
2453,135,no,0
2454,134,no,0
2455,45,no,0
2456,129,no,0
2457,142,no,0
2458,130,no,0
2459,163,no,0
2460,105,no,0
2461,119,no,0
2462,78,no,0
2463,92,no,0
2464,146,no,0
2465,125,no,0
2466,88,no,0
2467,83,no,0
2468,3,yes,0
2469,152,yes,1
2470,48,no,0
2471,189,no,0
2472,95,no,0
2473,129,no,1
2474,66,no,0
2475,80,no,0
2476,1,no,0
2477,84,no,0
2478,96,no,0
2479,123,no,0
2480,116,yes,1
2481,105,yes,0
2482,80,no,0
2483,157,no,0
2484,67,no,0
2485,141,no,0
2486,79,no,0
2487,76,no,0
2488,111,no,0
2489,94,no,0
2490,143,no,1
2491,109,no,0
2492,138,no,0
2493,73,no,0
2494,21,no,1
2495,148,no,0
2496,103,no,0
2497,143,no,0
2498,79,no,0
2499,89,no,0
2500,120,no,0
2501,121,no,0
2502,101,no,0
2503,115,no,0
2504,168,no,0
2505,90,no,0
2506,70,no,0
2507,138,no,0
2508,43,no,0
2509,117,no,0
2510,108,no,0
2511,118,no,0
2512,169,no,0
2513,62,no,0
2514,86,no,0
2515,44,no,0
2516,111,no,1
2517,127,no,0
2518,151,yes,0
2519,53,no,0
2520,15,no,0
2521,123,no,0
2522,137,no,0
2523,106,no,0
2524,88,no,0
2525,106,no,0
2526,95,no,0
2527,57,yes,1
2528,184,no,0
2529,109,no,0
2530,127,no,0
2531,82,no,0
2532,180,no,0
2533,174,no,0
2534,92,no,1
2535,81,no,0
2536,125,no,1
2537,119,no,1
2538,122,no,0
2539,34,no,0
2540,138,yes,1
2541,90,no,0
2542,73,no,0
2543,19,no,1
2544,120,no,0
2545,160,no,0
2546,141,no,0
2547,90,no,0
2548,72,no,0
2549,117,no,0
2550,79,yes,0
2551,87,no,0
2552,102,no,0
2553,49,no,0
2554,67,no,0
2555,107,no,0
2556,190,no,0
2557,118,no,0
2558,120,no,0
2559,94,no,0
2560,115,no,0
2561,61,no,0
2562,143,no,0
2563,110,no,0
2564,104,no,0
2565,16,no,0
2566,183,no,0
2567,147,no,0
2568,58,no,1
2569,102,yes,0
2570,123,no,0
2571,64,no,0
2572,103,no,0
2573,152,no,1
2574,124,no,1
2575,97,no,0
2576,131,no,1
2577,57,no,0
2578,157,no,0
2579,194,no,0
2580,66,no,0
2581,155,no,0
2582,123,no,1
2583,116,no,0
2584,63,no,0
2585,64,no,0
2586,96,no,0
2587,53,no,0
2588,105,no,0
2589,53,no,0
2590,101,no,0
2591,129,no,0
2592,122,no,1
2593,163,no,0
2594,93,no,0
2595,115,yes,1
2596,25,no,1
2597,73,no,0
2598,120,no,0
2599,196,no,0
2600,97,no,1
2601,148,no,0
2602,85,no,0
2603,86,yes,1
2604,78,no,0
2605,106,no,0
2606,147,no,0
2607,145,no,1
2608,91,no,0
2609,81,no,0
2610,116,no,0
2611,69,no,0
2612,135,no,0
2613,73,no,0
2614,48,no,0
2615,125,yes,1
2616,100,no,0
2617,165,no,0
2618,64,no,0
2619,116,yes,0
2620,147,yes,1
2621,115,no,0
2622,84,no,0
2623,86,no,0
2624,134,no,0
2625,105,no,1
2626,88,no,0
2627,90,no,0
2628,86,no,0
2629,37,no,0
2630,141,no,1
2631,148,no,0
2632,163,no,0
2633,89,no,0
2634,63,no,0
2635,102,no,0
2636,76,no,0
2637,104,no,0
2638,109,no,0
2639,105,no,0
2640,63,no,0
2641,105,no,0
2642,68,yes,0
2643,63,yes,0
2644,74,no,0
2645,76,no,0
2646,91,yes,1
2647,101,no,0
2648,116,no,1
2649,131,no,0
2650,84,no,0
2651,104,no,0
2652,108,no,0
2653,111,no,0
2654,155,no,0
2655,66,no,0
2656,64,no,0
2657,69,no,0
2658,116,no,0
2659,101,no,0
2660,15,no,0
2661,88,no,1
2662,197,no,0
2663,50,yes,1
2664,172,no,0
2665,188,yes,1
2666,85,yes,0
2667,103,yes,1
2668,136,no,0
2669,155,no,0
2670,145,no,0
2671,116,no,0
2672,152,no,0
2673,65,yes,1
2674,180,no,1
2675,67,no,0
2676,60,no,0
2677,138,no,0
2678,44,no,1
2679,25,no,0
2680,145,no,0
2681,122,no,0
2682,121,no,1
2683,55,yes,0
2684,77,no,0
2685,12,no,0
2686,64,no,0
2687,92,no,0
2688,125,yes,1
2689,160,no,0
2690,79,no,0
2691,36,no,0
2692,102,no,0
2693,138,yes,0
2694,164,no,0
2695,125,no,1
2696,72,no,0
2697,74,no,1
2698,134,no,0
2699,145,no,0
2700,136,no,0
2701,209,no,1
2702,66,yes,0
2703,152,no,0
2704,162,no,0
2705,72,no,0
2706,101,no,0
2707,125,no,0
2708,46,no,0
2709,132,no,1
2710,193,no,0
2711,63,no,1
2712,124,no,0
2713,144,no,0
2714,116,no,0
2715,189,no,0
2716,97,no,0
2717,137,no,0
2718,142,no,0
2719,84,no,0
2720,119,no,0
2721,158,no,0
2722,50,no,0
2723,98,no,0
2724,101,no,0
2725,182,no,1
2726,51,no,0
2727,117,no,0
2728,92,yes,0
2729,86,no,0
2730,122,no,0
2731,156,no,0
2732,127,no,1
2733,130,yes,1
2734,158,no,0
2735,145,yes,0
2736,90,yes,1
2737,127,no,0
2738,109,no,0
2739,88,no,0
2740,101,no,0
2741,171,no,0
2742,21,no,0
2743,145,no,0
2744,90,no,0
2745,33,no,0
2746,61,no,1
2747,107,no,0
2748,147,no,1
2749,117,no,0
2750,95,no,0
2751,186,no,0
2752,128,no,0
2753,55,no,0
2754,134,no,0
2755,96,no,0
2756,107,no,0
2757,123,no,0
2758,35,no,0
2759,74,no,0
2760,130,no,0
2761,137,yes,1
2762,88,no,0
2763,80,no,0
2764,116,no,0
2765,123,no,0
2766,120,no,0
2767,146,yes,0
2768,106,no,0
2769,121,no,0
2770,137,no,0
2771,84,no,0
2772,67,no,0
2773,161,no,1
2774,134,no,1
2775,62,yes,1
2776,120,no,0
2777,130,no,0
2778,20,no,0
2779,68,no,0
2780,112,no,0
2781,77,no,0
2782,109,no,0
2783,108,no,0
2784,79,no,0
2785,119,no,1
2786,38,no,1
2787,109,no,1
2788,78,no,0
2789,134,no,0
2790,47,no,0
2791,59,no,0
2792,151,no,0
2793,129,no,0
2794,107,no,0
2795,137,yes,1
2796,76,no,0
2797,24,no,0
2798,169,no,0
2799,30,no,0
2800,70,no,0
2801,52,yes,1
2802,3,no,0
2803,38,no,0
2804,104,no,0
2805,27,no,0
2806,166,yes,0
2807,13,no,0
2808,52,no,0
2809,114,no,0
2810,156,no,0
2811,90,no,0
2812,62,no,0
2813,82,no,0
2814,52,no,0
2815,146,no,0
2816,120,no,0
2817,130,no,1
2818,90,no,0
2819,147,yes,0
2820,159,no,1
2821,74,no,0
2822,130,no,0
2823,155,yes,0
2824,87,no,0
2825,81,no,1
2826,99,no,0
2827,131,no,0
2828,89,no,1
2829,123,yes,1
2830,130,no,0
2831,99,no,0
2832,36,no,0
2833,87,no,0
2834,139,no,0
2835,189,no,0
2836,96,no,0
2837,112,no,0
2838,75,no,0
2839,178,no,0
2840,112,no,1
2841,108,no,0
2842,100,no,0
2843,121,no,0
2844,116,no,0
2845,161,no,0
2846,19,yes,0
2847,104,no,0
2848,119,yes,0
2849,125,no,0
2850,156,no,0
2851,109,no,0
2852,95,no,0
2853,90,no,0
2854,105,no,0
2855,101,no,0
2856,95,no,0
2857,123,no,0
2858,160,no,0
2859,141,no,0
2860,87,no,0
2861,81,no,0
2862,75,no,0
2863,126,no,0
2864,28,no,0
2865,153,no,0
2866,97,no,1
2867,115,no,0
2868,95,no,0
2869,17,yes,1
2870,105,no,0
2871,121,no,0
2872,125,no,0
2873,124,no,0
2874,35,no,0
2875,134,no,1
2876,123,no,0
2877,124,no,0
2878,133,no,0
2879,185,no,0
2880,1,no,0
2881,107,no,0
2882,91,no,0
2883,178,yes,1
2884,123,no,0
2885,170,no,1
2886,135,no,0
2887,85,no,0
2888,134,no,0
2889,148,no,0
2890,93,no,1
2891,138,no,0
2892,159,no,0
2893,103,no,0
2894,150,no,0
2895,37,no,0
2896,33,yes,0
2897,55,no,0
2898,134,no,0
2899,107,no,0
2900,80,no,0
2901,78,no,1
2902,85,no,1
2903,61,no,0
2904,97,no,0
2905,136,yes,0
2906,135,no,0
2907,87,no,0
2908,165,no,0
2909,148,no,1
2910,99,no,0
2911,123,no,0
2912,127,yes,0
2913,151,no,0
2914,185,no,0
2915,65,no,0
2916,58,no,0
2917,104,no,0
2918,44,no,0
2919,58,no,0
2920,108,no,0
2921,132,no,0
2922,80,no,0
2923,162,no,0
2924,110,no,0
2925,96,no,1
2926,168,no,1
2927,72,no,1
2928,125,no,0
2929,170,no,0
2930,71,no,0
2931,124,no,0
2932,68,no,0
2933,97,no,0
2934,98,yes,0
2935,24,no,1
2936,136,no,0
2937,44,no,1
2938,96,no,0
2939,31,no,0
2940,72,no,0
2941,24,no,0
2942,112,no,0
2943,117,yes,1
2944,137,no,0
2945,136,no,0
2946,95,no,0
2947,82,no,0
2948,145,no,1
2949,56,yes,0
2950,155,yes,0
2951,133,no,1
2952,53,no,0
2953,123,no,1
2954,136,no,0
2955,57,no,0
2956,62,no,0
2957,112,no,0
2958,55,no,0
2959,95,no,1
2960,125,no,0
2961,1,no,1
2962,98,no,1
2963,105,no,0
2964,113,no,0
2965,99,no,1
2966,103,no,0
2967,177,no,0
2968,149,no,0
2969,160,no,1
2970,116,no,0
2971,90,no,0
2972,148,yes,1
2973,147,no,1
2974,95,no,0
2975,201,no,0
2976,80,no,0
2977,122,yes,0
2978,132,no,0
2979,83,no,0
2980,99,no,1
2981,84,no,1
2982,46,no,0
2983,87,no,0
2984,150,no,0
2985,73,no,0
2986,7,no,0
2987,89,no,0
2988,131,yes,1
2989,105,no,0
2990,108,yes,1
2991,47,no,0
2992,101,yes,0
2993,182,no,0
2994,161,no,0
2995,128,no,1
2996,69,no,0
2997,113,no,0
2998,87,no,0
2999,71,no,0
3000,76,no,0
3001,87,no,0
3002,117,no,0
3003,177,no,1
3004,95,no,0
3005,76,no,0
3006,66,no,0
3007,110,no,0
3008,204,no,0
3009,32,no,0
3010,133,no,0
3011,185,no,0
3012,103,no,0
3013,91,no,0
3014,131,no,0
3015,153,no,0
3016,132,no,0
3017,148,no,0
3018,141,no,0
3019,105,no,0
3020,169,no,1
3021,127,no,0
3022,57,no,0
3023,123,no,0
3024,103,no,1
3025,101,no,0
3026,123,no,0
3027,78,no,0
3028,101,no,0
3029,129,no,0
3030,67,no,0
3031,37,no,0
3032,64,yes,0
3033,173,no,0
3034,135,no,0
3035,75,no,0
3036,88,no,1
3037,112,no,0
3038,113,no,0
3039,121,no,0
3040,70,no,0
3041,90,no,0
3042,39,no,0
3043,142,no,0
3044,176,no,0
3045,105,no,0
3046,57,no,1
3047,110,no,0
3048,88,no,0
3049,95,no,0
3050,147,no,0
3051,101,no,1
3052,115,no,0
3053,103,no,0
3054,82,no,0
3055,141,no,0
3056,149,no,0
3057,131,no,0
3058,119,no,0
3059,112,no,0
3060,116,no,0
3061,94,no,0
3062,90,no,0
3063,114,no,0
3064,63,no,0
3065,130,no,1
3066,122,no,0
3067,166,no,0
3068,62,no,0
3069,78,no,0
3070,148,no,0
3071,154,no,1
3072,110,no,0
3073,75,no,1
3074,84,no,0
3075,113,no,0
3076,181,no,0
3077,51,no,0
3078,102,no,0
3079,107,no,0
3080,88,no,1
3081,82,no,0
3082,204,no,0
3083,130,no,0
3084,174,no,0
3085,129,no,0
3086,190,yes,0
3087,54,yes,0
3088,78,no,0
3089,100,no,0
3090,70,no,0
3091,111,no,0
3092,117,no,0
3093,68,no,0
3094,27,no,1
3095,91,no,0
3096,181,no,0
3097,118,no,0
3098,112,no,0
3099,93,no,0
3100,102,no,0
3101,93,no,0
3102,107,no,0
3103,100,no,0
3104,115,no,0
3105,63,no,0
3106,57,no,0
3107,119,no,0
3108,73,no,0
3109,98,no,0
3110,139,yes,0
3111,31,no,0
3112,129,no,0
3113,115,no,1
3114,108,no,1
3115,139,no,0
3116,102,no,0
3117,149,no,0
3118,113,no,0
3119,131,no,0
3120,83,no,0
3121,96,no,0
3122,98,no,0
3123,3,no,0
3124,77,no,0
3125,75,no,0
3126,40,no,1
3127,108,no,0
3128,100,no,1
3129,16,no,0
3130,115,no,0
3131,108,no,0
3132,107,no,0
3133,161,no,1
3134,147,no,0
3135,107,no,0
3136,120,no,0
3137,107,no,0
3138,58,no,0
3139,91,no,0
3140,13,no,0
3141,104,no,0
3142,93,no,0
3143,95,no,0
3144,104,no,0
3145,35,no,1
3146,62,no,0
3147,143,no,0
3148,62,no,0
3149,60,yes,1
3150,41,no,0
3151,34,no,0
3152,56,no,1
3153,183,no,0
3154,94,no,0
3155,73,no,0
3156,123,no,0
3157,64,no,0
3158,127,yes,1
3159,33,no,0
3160,27,no,0
3161,123,no,0
3162,148,no,0
3163,81,no,0
3164,122,no,0
3165,52,no,0
3166,91,no,0
3167,54,no,1
3168,152,no,0
3169,201,no,1
3170,78,no,1
3171,67,no,0
3172,100,no,0
3173,41,no,0
3174,133,no,0
3175,36,no,0
3176,51,no,0
3177,122,no,0
3178,84,no,0
3179,91,no,0
3180,110,no,0
3181,91,yes,0
3182,121,no,0
3183,109,no,0
3184,95,no,0
3185,72,no,0
3186,73,no,0
3187,108,no,0
3188,58,no,0
3189,148,yes,0
3190,76,yes,1
3191,103,no,1
3192,87,no,1
3193,35,no,0
3194,88,no,0
3195,67,no,0
3196,77,no,0
3197,124,no,0
3198,30,no,0
3199,53,no,0
3200,152,no,0
3201,100,yes,0
3202,59,no,0
3203,143,no,0
3204,142,no,0
3205,105,no,0
3206,111,no,1
3207,143,no,0
3208,93,no,0
3209,79,no,0
3210,68,yes,1
3211,93,yes,0
3212,103,no,0
3213,144,no,0
3214,93,no,0
3215,149,yes,0
3216,23,no,0
3217,221,no,0
3218,164,no,0
3219,104,no,0
3220,150,no,0
3221,184,no,0
3222,88,no,0
3223,61,yes,0
3224,110,no,0
3225,115,no,1
3226,33,no,0
3227,100,no,1
3228,209,no,0
3229,27,no,0
3230,117,no,0
3231,87,no,0
3232,129,no,0
3233,142,no,0
3234,112,no,0
3235,75,no,0
3236,97,no,0
3237,121,no,0
3238,142,yes,0
3239,121,no,1
3240,87,no,0
3241,34,no,0
3242,177,yes,1
3243,58,no,0
3244,113,yes,1
3245,101,no,0
3246,89,no,0
3247,77,yes,1
3248,146,no,1
3249,93,no,0
3250,160,no,0
3251,55,no,0
3252,88,no,0
3253,63,no,0
3254,127,no,0
3255,57,no,0
3256,138,yes,1
3257,115,no,0
3258,171,no,0
3259,148,no,0
3260,127,no,0
3261,61,no,0
3262,131,no,0
3263,88,no,0
3264,130,no,0
3265,89,no,0
3266,82,no,1
3267,138,no,0
3268,115,no,0
3269,84,no,1
3270,117,yes,0
3271,60,no,0
3272,62,no,0
3273,133,no,1
3274,131,no,0
3275,65,no,0
3276,120,no,0
3277,142,no,0
3278,134,no,0
3279,87,no,0
3280,139,no,0
3281,76,no,1
3282,100,no,0
3283,99,no,0
3284,99,no,0
3285,48,no,0
3286,57,no,0
3287,106,no,0
3288,170,no,1
3289,78,no,0
3290,39,no,0
3291,127,no,0
3292,119,yes,1
3293,114,no,0
3294,95,no,0
3295,116,no,0
3296,110,no,0
3297,74,no,0
3298,148,no,0
3299,83,no,0
3300,73,no,0
3301,111,no,0
3302,84,no,1
3303,75,yes,0
3304,114,no,0
3305,71,yes,1
3306,58,no,0
3307,106,no,0
3308,172,no,0
3309,45,no,0
3310,100,yes,0
3311,94,no,0
3312,128,no,0
3313,181,no,0
3314,127,no,0
3315,89,no,0
3316,149,no,0
3317,103,no,0
3318,163,yes,0
3319,52,no,0
3320,89,no,0
3321,122,yes,1
3322,60,no,0
3323,62,no,1
3324,117,no,1
3325,159,no,0
3326,78,no,0
3327,96,no,0
3328,79,no,0
3329,192,no,0
3330,68,no,0
3331,28,no,0
3332,184,yes,0
3333,74,no,0
